Epoch,Train Loss,Valid Accuracy
1,2.275774734591148,0.1259259259259259
2,2.062422916067908,0.5814814814814815
3,1.3829265768412284,0.762962962962963
4,0.7352915535678727,0.837037037037037
5,0.46085696677509147,0.8740740740740741
6,0.35219768882271973,0.8703703703703703
7,0.30248604026121473,0.8777777777777778
8,0.2533294865617035,0.8629629629629629
9,0.23463286497380492,0.9259259259259259
10,0.1819260730782291,0.9296296296296296
11,0.1529657504533906,0.9222222222222223
12,0.14579328824673365,0.9407407407407408
13,0.13298536262155622,0.9407407407407408
14,0.11529499218875487,0.9259259259259259
15,0.12769742560178018,0.9296296296296296
16,0.11390755905242979,0.9333333333333333
17,0.09561965727323611,0.9481481481481482
18,0.07720222261896566,0.9518518518518518
19,0.07761883377056797,0.9444444444444444
20,0.07007385556813546,0.9481481481481482
21,0.06130259569405371,0.9518518518518518
22,0.06905680976351672,0.9555555555555556
23,0.05712403919082505,0.9518518518518518
24,0.04948438819002896,0.9555555555555556
25,0.051271446363358814,0.9518518518518518
26,0.04540396205541532,0.9666666666666667
27,0.04293717795430239,0.9555555555555556
28,0.035199054763574586,0.9555555555555556
29,0.035121720980677985,0.9444444444444444
30,0.04423076787766428,0.9629629629629629
