Epoch,Train MSE,Validation MSE
1,0.3379483748573423,0.07279570400714874
2,0.06028870311998279,0.03972360119223595
3,0.039759054372870854,0.03581182286143303
4,0.034524258226156235,0.029948314651846886
5,0.0322463721586544,0.030849026516079903
6,0.03003112646074243,0.03169357776641846
7,0.02976970852968471,0.027843499556183815
8,0.028580810559170493,0.03161820396780968
9,0.029247431929319934,0.031058844178915024
10,0.028392872411778066,0.029236819595098495
11,0.029500543521564514,0.027723168954253197
12,0.02992180060045641,0.03050309605896473
13,0.028533845152604122,0.02622944861650467
14,0.02670649756662181,0.026482775807380676
15,0.026174963182194637,0.027882078662514687
16,0.026400386686614954,0.023988645523786545
17,0.026434307195286933,0.026695871725678444
18,0.026293944582709523,0.026523347944021225
19,0.028004466968237378,0.027395714074373245
20,0.028749788312312684,0.025742551311850548
21,0.02713147571178082,0.027352575212717056
22,0.02607276225513448,0.024325717240571976
23,0.027993708940558745,0.029437405988574028
24,0.027636516035173107,0.0246577151119709
25,0.028657081694713708,0.025978073477745056
